Country,Commitment in U.A,Status,Source of Financing,Sector
Ethiopia,35000000.0,Approved,African Development Fund,Water Supply & Sanitation
Burkina Faso,2177905.0,Approved,African Development Fund,Water Supply & Sanitation
Burundi,1624310.81,Approved,AfricaWater Facility Fund,Water Supply & Sanitation
Congo,163445.66,Approved,AfricaWater Facility Fund,Water Supply & Sanitation
Tunisia,66513444.81,Approved,African Development Bank,Water Supply & Sanitation
Senegal,2351508.0,Approved,African Development Fund,Water Supply & Sanitation
Rwanda,139635099.71,Approved,African Development Bank,Water Supply & Sanitation
Multinational,407740.55,Approved,AfricaWater Facility Fund,Water Supply & Sanitation
Chad,28000000.0,Approved,Transition Support Facility,Water Supply & Sanitation
Malawi,23000000.0,Approved,African Development Fund,Water Supply & Sanitation
Chad,4992597.52,Approved,African Development Fund,Water Supply & Sanitation
Mozambique,20000000.0,Approved,Transition Support Facility,Water Supply & Sanitation
Libyan Arab Jamahiriya,1511930.2,Implementation,Special Relief Funds,Water Supply & Sanitation
Burundi,10000000.0,Approved,Transition Support Facility,Water Supply & Sanitation
Niger,1245663.96,Approved,AfricaWater Facility Fund,Water Supply & Sanitation
Benin,97006085.86,Approved,African Development Bank,Water Supply & Sanitation
Rwanda,75000000.0,Implementation,African Development Fund,Water Supply & Sanitation
Angola,56675634.01,Approved,African Development Bank,Water Supply & Sanitation
Morocco,158647.5,Implementation,Middle Income Countries Fund,Water Supply & Sanitation
,,,,
Burkina Faso,4010870.28,Implementation,AfricaWater Facility Fund,Water Supply & Sanitation
Niger,5787154.11,Approved,African Development Fund,Water Supply & Sanitation
Mali,3974856.42,Approved,,Water Supply & Sanitation
Nigeria,293991.05,Implementation,AfricaWater Facility Fund,Water Supply & Sanitation
Namibia,1172462.2,Approved,Middle Income Countries Fund,Water Supply & Sanitation
Burkina Faso,60800000.0,Approved,,Water Supply & Sanitation
Lesotho,10000000.0,Implementation,African Development Fund,Water Supply & Sanitation
Libyan Arab Jamahiriya,180000.0,Approved,Middle Income Countries Fund,Water Supply & Sanitation
Ethiopia,10720000.0,Implementation,African Development Fund,Water Supply & Sanitation
Zambia,1028021.48,Implementation,Middle Income Countries Fund,Water Supply & Sanitation
Senegal,32491553.43,Implementation,African Development Bank,Water Supply & Sanitation
Madagascar,2499850.0,Implementation,,Water Supply & Sanitation
Burkina Faso,1228018.32,Approved,AfricaWater Facility Fund,Water Supply & Sanitation
Mali,1339614.91,Approved,AfricaWater Facility Fund,Water Supply & Sanitation
Togo,1016557.69,Implementation,AfricaWater Facility Fund,Water Supply & Sanitation
Multinational,3617235.02,Implementation,AfricaWater Facility Fund,Water Supply & Sanitation
"Tanzania, United Republic of",90000000.0,Implementation,African Development Fund,Water Supply & Sanitation
Morocco,57298146.81,Implementation,African Development Bank,Water Supply & Sanitation
"Congo, the Democratic Republic of the",50000000.0,Implementation,African Development Fund,Water Supply & Sanitation
Cameroon,27000000.0,Implementation,,Water Supply & Sanitation
,,,,
Nigeria,78741347.52,Implementation,,Water Supply & Sanitation
Somalia,7500000.0,Implementation,African Development Fund,Water Supply & Sanitation
South Africa,53569147.47,Approved,African Development Bank,Water Supply & Sanitation
Morocco,14667894.42,Implementation,African Development Bank,Water Supply & Sanitation
Côte d'Ivoire,39179814.3,Implementation,African Development Bank,Water Supply & Sanitation
Morocco,100000.0,Cancelled,Middle Income Countries Fund,Water Supply & Sanitation
Zimbabwe,1341311.22,Completion,Zimbabwe Multi-donor Trust Fund,Water Supply & Sanitation
Mauritania,638872.11,Implementation,AfricaWater Facility Fund,Water Supply & Sanitation
Sierra Leone,163005.31,Completion,Special Relief Funds,Water Supply & Sanitation
Rwanda,99384074.27,Implementation,African Development Bank,Water Supply & Sanitation
Zambia,840545.2,Implementation,,Water Supply & Sanitation
Multinational,1041088.28,Implementation,NEPAD Infrastructure Project Preparation Facility,Water Supply & Sanitation
Namibia,80420201.7,Implementation,,Water Supply & Sanitation
Multinational,521069.63,Completion,AfricaWater Facility Fund,Water Supply & Sanitation
Ghana,852523.04,Implementation,,Water Supply & Sanitation
Kenya,797604.99,Implementation,AfricaWater Facility Fund,Water Supply & Sanitation
Egypt,88816866.84,Implementation,,Water Supply & Sanitation
Burkina Faso,11348544.95,Implementation,,Water Supply & Sanitation
Sudan,23144594.4,Implementation,African Development Fund,Water Supply & Sanitation
Benin,49931242.22,Implementation,,Water Supply & Sanitation
,,,,
Eritrea,511573.0,Implementation,Transition Support Facility,Water Supply & Sanitation
Somalia,8627000.0,Implementation,,Water Supply & Sanitation
South Sudan,17609528.41,Implementation,African Development Fund,Water Supply & Sanitation
Côte d'Ivoire,736645.27,Implementation,AfricaWater Facility Fund,Water Supply & Sanitation
Zimbabwe,1254606.2,Completion,Zimbabwe Multi-donor Trust Fund,Water Supply & Sanitation
Uganda,1220830.94,Completion,,Water Supply & Sanitation
Rwanda,94187740.63,Implementation,,Water Supply & Sanitation
Kenya,51537300.11,Implementation,African Development Bank,Water Supply & Sanitation
Sierra Leone,10000000.0,Implementation,,Water Supply & Sanitation
Eswatini,28212686.89,Implementation,African Development Bank,Water Supply & Sanitation
Kenya,157627010.35,Implementation,,Water Supply & Sanitation
Morocco,64217658.44,Implementation,,Water Supply & Sanitation
Malawi,10500000.0,Implementation,African Development Fund,Water Supply & Sanitation
Tunisia,818980.7,Implementation,Rural Water Supply & Sanitation,Water Supply & Sanitation
Tunisia,61161081.98,Implementation,,Water Supply & Sanitation
Gabon,61718289.57,Implementation,African Development Bank,Water Supply & Sanitation
Gambia,7135924.91,Implementation,,Water Supply & Sanitation
Cameroon,4361000.0,Implementation,,Water Supply & Sanitation
Chad,9709560.72,Implementation,African Development Fund,Water Supply & Sanitation
Uganda,44000000.0,Implementation,African Development Fund,Water Supply & Sanitation
,,,,
Multinational,365868.83,Cancelled,NEPAD Infrastructure Project Preparation Facility,Water Supply & Sanitation
Namibia,850035.23,Implementation,,Water Supply & Sanitation
Uganda,18977264.34,Completion,African Development Fund,Water Supply & Sanitation
Egypt,75596075.05,Completion,,Water Supply & Sanitation
Sierra Leone,1622047.76,Completion,AfricaWater Facility Fund,Water Supply & Sanitation
Madagascar,478275.83,Completion,Special Relief Funds,Water Supply & Sanitation
Rwanda,91540217.03,Implementation,,Water Supply & Sanitation
Sudan,15000000.0,Implementation,Transition Support Facility,Water Supply & Sanitation
Central African Republic,706504.08,Completion,Special Relief Funds,Water Supply & Sanitation
Multinational,763524.16,Completion,NEPAD Infrastructure Project Preparation Facility,Water Supply & Sanitation
Mali,1636613.01,Completion,,Water Supply & Sanitation
Multinational,896989.39,Completion,AfricaWater Facility Fund,Water Supply & Sanitation
Ethiopia,2280000.0,Completion,African Development Fund,Water Supply & Sanitation
Ghana,35950000.0,Implementation,African Development Fund,Water Supply & Sanitation
Gambia,408303.25,Completion,Rural Water Supply & Sanitation,Water Supply & Sanitation
Sierra Leone,669426.54,Completion,,Water Supply & Sanitation
Somalia,7589000.0,Completion,African Development Fund,Water Supply & Sanitation
Central African Republic,3998252.29,Implementation,Rural Water Supply & Sanitation,Water Supply & Sanitation
Rwanda,1590917.17,Implementation,AfricaWater Facility Fund,Water Supply & Sanitation
Senegal,53205422.04,Implementation,,Water Supply & Sanitation
,,,,
Zambia,90909442.16,Implementation,,Water Supply & Sanitation
Eritrea,467860.14,Implementation,African Development Fund,Water Supply & Sanitation
Kenya,294902938.73,Implementation,,Water Supply & Sanitation
Multinational,2571302.03,Implementation,NEPAD Infrastructure Project Preparation Facility,Water Supply & Sanitation
Tunisia,102075345.87,Implementation,African Development Bank,Water Supply & Sanitation
Mozambique,1297016.86,Completion,AfricaWater Facility Fund,Water Supply & Sanitation
South Sudan,4950000.0,Completion,Transition Support Facility,Water Supply & Sanitation
"Tanzania, United Republic of",1594968.24,Completion,AfricaWater Facility Fund,Water Supply & Sanitation
Cameroon,1052713.08,Completion,AfricaWater Facility Fund,Water Supply & Sanitation
Tunisia,1114222.28,Implementation,AfricaWater Facility Fund,Water Supply & Sanitation
Somalia,5371785.24,Completion,Rural Water Supply & Sanitation,Water Supply & Sanitation
Morocco,72675964.17,Implementation,African Development Bank,Water Supply & Sanitation
Burkina Faso,669837.34,Completion,AfricaWater Facility Fund,Water Supply & Sanitation
Uganda,65799999.19,Completion,African Development Fund,Water Supply & Sanitation
Ethiopia,57749652.87,Implementation,African Development Bank,Water Supply & Sanitation
Madagascar,1448257.03,Completion,AfricaWater Facility Fund,Water Supply & Sanitation
Zimbabwe,1585163.55,Completion,AfricaWater Facility Fund,Water Supply & Sanitation
Eswatini,1036638.7,Completion,,Water Supply & Sanitation
Eswatini,797416.0,Completion,Middle Income Countries Fund,Water Supply & Sanitation
Rwanda,14231000.3,Completion,African Development Bank,Water Supply & Sanitation
,,,,
Zimbabwe,24000000.0,Completion,Transition Support Facility,Water Supply & Sanitation
Malawi,3589034.9,Completion,,Water Supply & Sanitation
Morocco,968264.99,Cancelled,AfricaWater Facility Fund,Water Supply & Sanitation
Benin,6000000.0,Implementation,,Water Supply & Sanitation
Zimbabwe,11528797.01,Completion,Zimbabwe Multi-donor Trust Fund,Water Supply & Sanitation
"Tanzania, United Republic of",126550463.99,Implementation,,Water Supply & Sanitation
Sudan,15673848.77,Implementation,Rural Water Supply & Sanitation,Water Supply & Sanitation
Multinational,1593614.27,Completion,AfricaWater Facility Fund,Water Supply & Sanitation
"Congo, the Democratic Republic of the",1539029.8,Implementation,AfricaWater Facility Fund,Water Supply & Sanitation
Zambia,37783756.01,Implementation,African Development Bank,Water Supply & Sanitation
Ethiopia,1009786.51,Completion,AfricaWater Facility Fund,Water Supply & Sanitation
Algeria,750000.0,Completion,Middle Income Countries Fund,Water Supply & Sanitation
Angola,93529909.62,Implementation,,Water Supply & Sanitation
Seychelles,16690119.41,Implementation,African Development Bank,Water Supply & Sanitation
Seychelles,889410.13,Completion,AfricaWater Facility Fund,Water Supply & Sanitation
South Africa,979655.59,Completion,AfricaWater Facility Fund,Water Supply & Sanitation
Multinational,1601282.58,Completion,AfricaWater Facility Fund,Water Supply & Sanitation
Mozambique,3455947.81,Completion,AfricaWater Facility Fund,Water Supply & Sanitation
Somalia,2443673.33,Completion,AfricaWater Facility Fund,Water Supply & Sanitation
Zambia,14482587.08,Implementation,African Development Bank,Water Supply & Sanitation
,,,,
Ethiopia,66165506.88,Completion,African Development Fund,Water Supply & Sanitation
Nigeria,1612401.82,Completion,AfricaWater Facility Fund,Water Supply & Sanitation
South Africa,1123538.98,Completion,AfricaWater Facility Fund,Water Supply & Sanitation
Eswatini,17350623.89,Completion,African Development Bank,Water Supply & Sanitation
Malawi,22696663.84,Completion,,Water Supply & Sanitation
Senegal,24898319.06,Implementation,,Water Supply & Sanitation
Mauritius,300000.0,Completion,,Water Supply & Sanitation
Mauritania,530438.78,Completion,Special Relief Funds,Water Supply & Sanitation
Nigeria,154435024.03,Implementation,African Development Bank,Water Supply & Sanitation
Guinea,380251.98,Completion,Rural Water Supply & Sanitation,Water Supply & Sanitation
Niger,821913.3,Completion,AfricaWater Facility Fund,Water Supply & Sanitation
Multinational,764118.28,Completion,AfricaWater Facility Fund,Water Supply & Sanitation
Mauritania,838668.15,Completion,African Development Fund,Water Supply & Sanitation
Multinational,1144453.68,Completion,AfricaWater Facility Fund,Water Supply & Sanitation
"Congo, the Democratic Republic of the",104844882.35,Implementation,African Development Fund,Water Supply & Sanitation
Multinational,392222.38,Completion,,Water Supply & Sanitation
Kenya,62890000.0,Implementation,,Water Supply & Sanitation
Burkina Faso,33020000.0,Completion,,Water Supply & Sanitation
Mali,50000000.0,Implementation,,Water Supply & Sanitation
Zimbabwe,14383169.37,Completion,Zimbabwe Multi-donor Trust Fund,Water Supply & Sanitation
,,,,
Lesotho,9139343.85,Implementation,,Water Supply & Sanitation
Sierra Leone,21581977.48,Completion,,Water Supply & Sanitation
Multinational,1574896.58,Completion,AfricaWater Facility Fund,Water Supply & Sanitation
Côte d'Ivoire,1010117.34,Completion,AfricaWater Facility Fund,Water Supply & Sanitation
Zimbabwe,9942012.05,Completion,Zimbabwe Multi-donor Trust Fund,Water Supply & Sanitation
Sao Tome and Principe,699463.59,Completion,,Water Supply & Sanitation
Cameroon,13019506.8,Completion,,Water Supply & Sanitation
Ghana,889495.83,Completion,AfricaWater Facility Fund,Water Supply & Sanitation
Senegal,1049623.88,Completion,AfricaWater Facility Fund,Water Supply & Sanitation
Togo,978594.79,Completion,AfricaWater Facility Fund,Water Supply & Sanitation
Djibouti,392052.32,Completion,Rural Water Supply & Sanitation,Water Supply & Sanitation
Liberia,954699.51,Completion,AfricaWater Facility Fund,Water Supply & Sanitation
Morocco,204994.0,Completion,,Water Supply & Sanitation
Benin,910656.73,Completion,AfricaWater Facility Fund,Water Supply & Sanitation
Congo,880850.79,Completion,AfricaWater Facility Fund,Water Supply & Sanitation
Uganda,785713.72,Completion,AfricaWater Facility Fund,Water Supply & Sanitation
"Tanzania, United Republic of",13944636.38,Completion,,Water Supply & Sanitation
Mauritania,8370193.45,Completion,,Water Supply & Sanitation
Djibouti,5900211.22,Completion,,Water Supply & Sanitation
Morocco,117380065.69,Completion,African Development Bank,Water Supply & Sanitation
,,,,
Benin,842061.03,Completion,AfricaWater Facility Fund,Water Supply & Sanitation
Central African Republic,5386848.34,Implementation,African Development Fund,Water Supply & Sanitation
Liberia,540580.21,Completion,,Water Supply & Sanitation
Zambia,748532.48,Completion,AfricaWater Facility Fund,Water Supply & Sanitation
Chad,19910275.69,Completion,African Development Fund,Water Supply & Sanitation
Kenya,577799.75,Completion,AfricaWater Facility Fund,Water Supply & Sanitation
Multinational,2145191.15,Completion,NEPAD Infrastructure Project Preparation Facility,Water Supply & Sanitation
Gambia,4404241.67,Completion,,Water Supply & Sanitation
Nigeria,61812786.32,Completion,African Development Fund,Water Supply & Sanitation
Sudan,2706625.9,Completion,AfricaWater Facility Fund,Water Supply & Sanitation
Tunisia,26603279.36,Completion,,Water Supply & Sanitation
Cape Verde,1110979.79,Completion,AfricaWater Facility Fund,Water Supply & Sanitation
Seychelles,600000.0,Completion,,Water Supply & Sanitation
South Africa,88032.82,Completion,AfricaWater Facility Fund,Water Supply & Sanitation
Egypt,600000.0,Completion,Middle Income Countries Fund,Water Supply & Sanitation
Tunisia,70933043.33,Completion,African Development Bank,Water Supply & Sanitation
Uganda,43503459.13,Completion,African Development Fund,Water Supply & Sanitation
Niger,13786909.02,Completion,,Water Supply & Sanitation
Multinational,2513101.37,Completion,NEPAD Infrastructure Project Preparation Facility,Water Supply & Sanitation
Zimbabwe,21375374.56,Completion,Zimbabwe Multi-donor Trust Fund,Water Supply & Sanitation
,,,,
Tunisia,1049351.2,Cancelled,AfricaWater Facility Fund,Water Supply & Sanitation
Multinational,72980000.0,Completion,,Water Supply & Sanitation
Kenya,34062638.41,Completion,,Water Supply & Sanitation
Côte d'Ivoire,23000000.0,Completion,,Water Supply & Sanitation
Mozambique,10279293.31,Completion,African Development Fund,Water Supply & Sanitation
Sierra Leone,28496187.73,Completion,African Development Fund,Water Supply & Sanitation
"Tanzania, United Republic of",64795147.0,Completion,,Water Supply & Sanitation
Ghana,1438377.47,Completion,AfricaWater Facility Fund,Water Supply & Sanitation
Ghana,445709.38,Completion,AfricaWater Facility Fund,Water Supply & Sanitation
Multinational,2868017.84,Completion,AfricaWater Facility Fund,Water Supply & Sanitation
Liberia,26086000.0,Completion,African Development Fund,Water Supply & Sanitation
Mauritania,3506572.19,Completion,African Development Fund,Water Supply & Sanitation
Cameroon,14116036.42,Completion,,Water Supply & Sanitation
Morocco,90813061.85,Completion,African Development Bank,Water Supply & Sanitation
Multinational,1683187.49,Completion,AfricaWater Facility Fund,Water Supply & Sanitation
Gambia,1666428.12,Completion,AfricaWater Facility Fund,Water Supply & Sanitation
Malawi,1667341.58,Completion,AfricaWater Facility Fund,Water Supply & Sanitation
Multinational,1081043.01,Completion,AfricaWater Facility Fund,Water Supply & Sanitation
Mali,1526325.84,Completion,AfricaWater Facility Fund,Water Supply & Sanitation
Malawi,537695.65,Completion,AfricaWater Facility Fund,Water Supply & Sanitation
,,,,
Tunisia,1550089.17,Completion,AfricaWater Facility Fund,Water Supply & Sanitation
Multinational,677852.7,Completion,AfricaWater Facility Fund,Water Supply & Sanitation
Comoros,9775746.7,Completion,Rural Water Supply & Sanitation,Water Supply & Sanitation
Multinational,1119787.14,Completion,AfricaWater Facility Fund,Water Supply & Sanitation
Tunisia,324696.0,Completion,Middle Income Countries Fund,Water Supply & Sanitation
Multinational,415874.52,Completion,AfricaWater Facility Fund,Water Supply & Sanitation
Central African Republic,3324367.09,Cancelled,,Water Supply & Sanitation
Kenya,68959044.01,Completion,,Water Supply & Sanitation
Egypt,43653002.27,Completion,,Water Supply & Sanitation
Tunisia,359558.0,Completion,,Water Supply & Sanitation
Tunisia,460225.31,Completion,,Water Supply & Sanitation
Ghana,1742169.48,Completion,AfricaWater Facility Fund,Water Supply & Sanitation
Congo,12750000.0,Completion,,Water Supply & Sanitation
Nigeria,49056870.34,Completion,,Water Supply & Sanitation
Multinational,1263407.14,Completion,AfricaWater Facility Fund,Water Supply & Sanitation
Zimbabwe,1788207.5,Completion,AfricaWater Facility Fund,Water Supply & Sanitation
Tunisia,454322.04,Completion,,Water Supply & Sanitation
Central African Republic,1732546.43,Completion,AfricaWater Facility Fund,Water Supply & Sanitation
Rwanda,16208742.19,Completion,,Water Supply & Sanitation
Gabon,1419969.36,Completion,AfricaWater Facility Fund,Water Supply & Sanitation
,,,,
Multinational,1781445.14,Completion,AfricaWater Facility Fund,Water Supply & Sanitation
Mauritius,562890.0,Completion,,Water Supply & Sanitation
Mozambique,17549315.09,Completion,,Water Supply & Sanitation
South Africa,329251.54,Completion,AfricaWater Facility Fund,Water Supply & Sanitation
Senegal,29118353.47,Completion,,Water Supply & Sanitation
Cameroon,29889793.42,Completion,,Water Supply & Sanitation
Kenya,1707836.68,Completion,AfricaWater Facility Fund,Water Supply & Sanitation
Liberia,923235.38,Cancelled,AfricaWater Facility Fund,Water Supply & Sanitation
Ethiopia,1589688.75,Completion,AfricaWater Facility Fund,Water Supply & Sanitation
Morocco,1666021.09,Completion,AfricaWater Facility Fund,Water Supply & Sanitation
Togo,1223706.68,Completion,AfricaWater Facility Fund,Water Supply & Sanitation
Multinational,1395320.18,Completion,AfricaWater Facility Fund,Water Supply & Sanitation
Multinational,935913.33,Completion,AfricaWater Facility Fund,Water Supply & Sanitation
Uganda,34980597.75,Completion,African Development Fund,Water Supply & Sanitation
Zambia,34998407.27,Completion,,Water Supply & Sanitation
Morocco,60825831.38,Completion,African Development Bank,Water Supply & Sanitation
"Tanzania, United Republic of",27505985.63,Completion,,Water Supply & Sanitation
Multinational,1552056.28,Completion,AfricaWater Facility Fund,Water Supply & Sanitation
Malawi,28624590.72,Completion,,Water Supply & Sanitation
Mali,25678435.5,Completion,,Water Supply & Sanitation
,,,,
Mauritania,9439388.34,Completion,African Development Fund,Water Supply & Sanitation
Burkina Faso,565170.7,Completion,AfricaWater Facility Fund,Water Supply & Sanitation
Burkina Faso,264098.46,Completion,AfricaWater Facility Fund,Water Supply & Sanitation
Seychelles,655748.54,Completion,AfricaWater Facility Fund,Water Supply & Sanitation
Multinational,875046.22,Completion,AfricaWater Facility Fund,Water Supply & Sanitation
Djibouti,1727921.5,Completion,AfricaWater Facility Fund,Water Supply & Sanitation
Liberia,1308296.06,Completion,,Water Supply & Sanitation
Chad,413987.53,Completion,AfricaWater Facility Fund,Water Supply & Sanitation
Djibouti,6500000.0,Completion,,Water Supply & Sanitation
Angola,11987648.77,Completion,,Water Supply & Sanitation
"Tanzania, United Republic of",575734.63,Completion,AfricaWater Facility Fund,Water Supply & Sanitation
Kenya,43602052.35,Completion,,Water Supply & Sanitation
Mauritania,440164.09,Completion,AfricaWater Facility Fund,Water Supply & Sanitation
Nigeria,50886350.01,Completion,,Water Supply & Sanitation
Senegal,1390918.53,Completion,AfricaWater Facility Fund,Water Supply & Sanitation
Central African Republic,1265911.93,Completion,AfricaWater Facility Fund,Water Supply & Sanitation
Burkina Faso,27556698.56,Completion,African Development Fund,Water Supply & Sanitation
Congo,1249185.7,Completion,AfricaWater Facility Fund,Water Supply & Sanitation
Mauritius,16271077.39,Completion,,Water Supply & Sanitation
"Congo, the Democratic Republic of the",70000000.0,Completion,,Water Supply & Sanitation
,,,,
Multinational,783492.09,Completion,AfricaWater Facility Fund,Water Supply & Sanitation
Multinational,1750684.02,Completion,AfricaWater Facility Fund,Water Supply & Sanitation
Eswatini,462627.0,Completion,,Water Supply & Sanitation
Multinational,319337.08,Completion,AfricaWater Facility Fund,Water Supply & Sanitation
Lesotho,351111.85,Completion,AfricaWater Facility Fund,Water Supply & Sanitation
Uganda,395998.03,Completion,AfricaWater Facility Fund,Water Supply & Sanitation
Niger,12783554.44,Completion,,Water Supply & Sanitation
Multinational,1612409.11,Completion,AfricaWater Facility Fund,Water Supply & Sanitation
Multinational,429424.09,Completion,AfricaWater Facility Fund,Water Supply & Sanitation
Cameroon,264095.81,Cancelled,AfricaWater Facility Fund,Water Supply & Sanitation
Namibia,438579.5,Completion,AfricaWater Facility Fund,Water Supply & Sanitation
Rwanda,396147.68,Completion,AfricaWater Facility Fund,Water Supply & Sanitation
Senegal,823106.85,Completion,AfricaWater Facility Fund,Water Supply & Sanitation
Multinational,266607.39,Completion,AfricaWater Facility Fund,Water Supply & Sanitation
Mozambique,427654.76,Completion,AfricaWater Facility Fund,Water Supply & Sanitation
Uganda,704262.55,Completion,AfricaWater Facility Fund,Water Supply & Sanitation
Kenya,201248.31,Completion,AfricaWater Facility Fund,Water Supply & Sanitation
Mauritania,7882750.87,Completion,,Water Supply & Sanitation
Zambia,13964448.99,Completion,,Water Supply & Sanitation
Multinational,936770.43,Completion,AfricaWater Facility Fund,Water Supply & Sanitation
,,,,
Ethiopia,440164.09,Completion,AfricaWater Facility Fund,Water Supply & Sanitation
"Tanzania, United Republic of",55000000.0,Completion,,Water Supply & Sanitation
Burundi,422557.53,Completion,AfricaWater Facility Fund,Water Supply & Sanitation
Morocco,62643284.41,Completion,African Development Bank,Water Supply & Sanitation
Chad,13000000.0,Completion,,Water Supply & Sanitation
Ethiopia,325928.24,Completion,Special Relief Funds,Water Supply & Sanitation
Guinea,960571.93,Completion,,Water Supply & Sanitation
Ghana,44716749.57,Completion,,Water Supply & Sanitation
Multinational,9380000.0,Completion,African Development Fund,Water Supply & Sanitation
Ethiopia,43610000.0,Completion,,Water Supply & Sanitation
Madagascar,32048113.22,Completion,,Water Supply & Sanitation
Uganda,40000000.0,Completion,,Water Supply & Sanitation
Burundi,12000000.0,Completion,,Water Supply & Sanitation
Cameroon,25600000.0,Completion,,Water Supply & Sanitation
Senegal,24921588.79,Completion,,Water Supply & Sanitation
Burkina Faso,1485000.0,Completion,,Water Supply & Sanitation
Morocco,49660553.43,Completion,African Development Bank,Water Supply & Sanitation
Uganda,18330045.88,Completion,,Water Supply & Sanitation
Benin,8164955.49,Completion,,Water Supply & Sanitation
Ghana,9818540.23,Completion,African Development Fund,Water Supply & Sanitation
,,,,
Kenya,16541429.36,Completion,,Water Supply & Sanitation
Sierra Leone,520450.8,Completion,,Water Supply & Sanitation
Mali,776515.32,Completion,,Water Supply & Sanitation
Mali,8227798.09,Completion,,Water Supply & Sanitation
Rwanda,12796204.91,Completion,,Water Supply & Sanitation
Zambia,21342072.34,Completion,,Water Supply & Sanitation
Morocco,174607944.26,Completion,African Development Bank,Water Supply & Sanitation
"Tanzania, United Republic of",15302127.21,Completion,,Water Supply & Sanitation
Mauritania,9999772.66,Completion,African Development Fund,Water Supply & Sanitation
Burkina Faso,19650580.6,Completion,,Water Supply & Sanitation
Mozambique,19452553.17,Completion,,Water Supply & Sanitation
Ethiopia,19224987.15,Completion,African Development Fund,Water Supply & Sanitation
Gambia,713253.98,Completion,African Development Fund,Water Supply & Sanitation
Cameroon,400000.0,Completion,,Water Supply & Sanitation
Mauritius,8340725.2,Cancelled,,Water Supply & Sanitation
"Tanzania, United Republic of",33986583.22,Completion,African Development Fund,Water Supply & Sanitation
Malawi,8502781.79,Completion,,Water Supply & Sanitation
Senegal,11868084.23,Completion,,Water Supply & Sanitation
Madagascar,7889635.02,Completion,,Water Supply & Sanitation
Niger,942435.67,Completion,,Water Supply & Sanitation
,,,,
Mozambique,13866759.72,Completion,African Development Fund,Water Supply & Sanitation
Zambia,10873907.19,Completion,,Water Supply & Sanitation
Algeria,36285633.24,Cancelled,,Water Supply & Sanitation
Uganda,1244195.54,Completion,,Water Supply & Sanitation
Ghana,801224.53,Completion,,Water Supply & Sanitation
Burkina Faso,967920.83,Completion,,Water Supply & Sanitation
Sao Tome and Principe,3845382.3,Completion,,Water Supply & Sanitation
Mozambique,19514628.11,Completion,,Water Supply & Sanitation
Morocco,10638932.95,Completion,African Development Bank,Water Supply & Sanitation
Algeria,37126692.68,Completion,,Water Supply & Sanitation
Zambia,1789979.85,Completion,African Development Fund,Water Supply & Sanitation
Malawi,944242.81,Completion,,Water Supply & Sanitation
Mozambique,988661.6,Completion,,Water Supply & Sanitation
Togo,1016456.4,Completion,,Water Supply & Sanitation
Guinea,731978.78,Completion,,Water Supply & Sanitation
Mali,662748.89,Completion,African Development Fund,Water Supply & Sanitation
Djibouti,513710.99,Cancelled,,Water Supply & Sanitation
Burkina Faso,4740000.0,Completion,,Water Supply & Sanitation
Cameroon,681355.31,Completion,,Water Supply & Sanitation
Malawi,11216353.55,Completion,,Water Supply & Sanitation
,,,,
Guinea,616048.79,Cancelled,,Water Supply & Sanitation
Benin,1072308.98,Completion,African Development Fund,Water Supply & Sanitation
"Tanzania, United Republic of",747708.82,Completion,,Water Supply & Sanitation
Côte d'Ivoire,667563.82,Cancelled,,Water Supply & Sanitation
Zambia,17779984.07,Completion,,Water Supply & Sanitation
Côte d'Ivoire,7129193.5,Completion,,Water Supply & Sanitation
Zimbabwe,1437050.5,Cancelled,,Water Supply & Sanitation
Morocco,15816564.53,Completion,,Water Supply & Sanitation
Burkina Faso,7602427.51,Completion,,Water Supply & Sanitation
Sao Tome and Principe,706224.31,Completion,,Water Supply & Sanitation
Algeria,9162139.38,Cancelled,,Water Supply & Sanitation
Kenya,782277.96,Completion,,Water Supply & Sanitation
"Tanzania, United Republic of",519615.04,Completion,,Water Supply & Sanitation
Zimbabwe,1003232.06,Completion,,Water Supply & Sanitation
Djibouti,500943.04,Cancelled,,Water Supply & Sanitation
Ethiopia,5439308.94,Completion,,Water Supply & Sanitation
Nigeria,129030911.08,Completion,,Water Supply & Sanitation
Namibia,761134.81,Completion,,Water Supply & Sanitation
Malawi,7199677.21,Completion,,Water Supply & Sanitation
Malawi,677453.69,Completion,African Development Fund,Water Supply & Sanitation
,,,,
Morocco,2684950.74,Completion,,Water Supply & Sanitation
Morocco,47910851.97,Completion,,Water Supply & Sanitation
"Tanzania, United Republic of",3292712.68,Completion,,Water Supply & Sanitation
Mali,1289788.59,Completion,,Water Supply & Sanitation
Benin,1169785.23,Completion,,Water Supply & Sanitation
Angola,263946.5,Cancelled,,Water Supply & Sanitation
Ethiopia,1790534.97,Completion,,Water Supply & Sanitation
Morocco,22047659.59,Completion,,Water Supply & Sanitation
Mauritania,1498835.73,Completion,,Water Supply & Sanitation
Nigeria,73817508.56,Completion,African Development Bank,Water Supply & Sanitation
Nigeria,93725764.27,Completion,African Development Bank,Water Supply & Sanitation
Mauritania,6273577.37,Completion,,Water Supply & Sanitation
Djibouti,809101.45,Completion,,Water Supply & Sanitation
Burundi,9157265.42,Completion,,Water Supply & Sanitation
Cape Verde,773684.0,Completion,,Water Supply & Sanitation
Zambia,7411065.55,Completion,,Water Supply & Sanitation
Rwanda,779781.6,Completion,,Water Supply & Sanitation
Ghana,690211.88,Completion,,Water Supply & Sanitation
Chad,1430089.58,Completion,African Development Fund,Water Supply & Sanitation
Malawi,14149558.88,Completion,,Water Supply & Sanitation
,,,,
Nigeria,81014963.97,Completion,African Development Bank,Water Supply & Sanitation
Nigeria,63652369.13,Completion,African Development Bank,Water Supply & Sanitation
Cape Verde,7866066.6,Completion,,Water Supply & Sanitation
Madagascar,822309.81,Completion,African Development Fund,Water Supply & Sanitation
Zambia,1343521.84,Completion,,Water Supply & Sanitation
Congo,32970000.0,Cancelled,,Water Supply & Sanitation
Ethiopia,1086253.35,Completion,African Development Fund,Water Supply & Sanitation
Seychelles,1042362.62,Completion,,Water Supply & Sanitation
Mali,12509168.13,Cancelled,,Water Supply & Sanitation
Burundi,417236.56,Completion,,Water Supply & Sanitation
Ethiopia,1438353.06,Completion,,Water Supply & Sanitation
Guinea,15349126.7,Completion,African Development Bank,Water Supply & Sanitation
Kenya,40548298.69,Completion,,Water Supply & Sanitation
Mauritius,796598.56,Completion,,Water Supply & Sanitation
Mali,4154860.15,Completion,African Development Fund,Water Supply & Sanitation
Ex Zaire,24131316.05,Cancelled,,Water Supply & Sanitation
Ghana,22793886.87,Completion,,Water Supply & Sanitation
Nigeria,44950835.21,Completion,African Development Bank,Water Supply & Sanitation
Ex Zaire,3704016.52,Completion,African Development Fund,Water Supply & Sanitation
Botswana,6334927.03,Completion,,Water Supply & Sanitation
,,,,
Zambia,24322950.81,Completion,,Water Supply & Sanitation
Guinea-Bissau,5005445.71,Completion,,Water Supply & Sanitation
"Tanzania, United Republic of",47279443.6,Completion,,Water Supply & Sanitation
Gambia,5396548.47,Completion,,Water Supply & Sanitation
Morocco,6571202.19,Completion,African Development Bank,Water Supply & Sanitation
Zimbabwe,15211972.12,Completion,,Water Supply & Sanitation
Rwanda,10113107.31,Cancelled,,Water Supply & Sanitation
Nigeria,22738279.07,Completion,,Water Supply & Sanitation
Madagascar,5101639.71,Completion,,Water Supply & Sanitation
Mali,1416749.2,Completion,African Development Fund,Water Supply & Sanitation
"Tanzania, United Republic of",552367.19,Completion,,Water Supply & Sanitation
"Tanzania, United Republic of",640947.5,Completion,,Water Supply & Sanitation
Djibouti,12781151.56,Completion,,Water Supply & Sanitation
Chad,395963.74,Completion,,Water Supply & Sanitation
Cameroon,1000395.53,Completion,,Water Supply & Sanitation
Rwanda,10441718.79,Completion,,Water Supply & Sanitation
Mauritania,6724736.76,Completion,,Water Supply & Sanitation
Congo,16305423.11,Cancelled,,Water Supply & Sanitation
Ex Zaire,44465249.35,Cancelled,African Development Bank,Water Supply & Sanitation
Equatorial Guinea,571083.37,Completion,,Water Supply & Sanitation
,,,,
Burkina Faso,1198877.21,Completion,,Water Supply & Sanitation
Lesotho,13766185.62,Completion,,Water Supply & Sanitation
Ethiopia,1187998.86,Completion,African Development Fund,Water Supply & Sanitation
Mali,10795746.79,Completion,,Water Supply & Sanitation
Mali,5599752.97,Completion,African Development Fund,Water Supply & Sanitation
Madagascar,1040525.36,Completion,,Water Supply & Sanitation
Malawi,11587112.87,Completion,,Water Supply & Sanitation
Senegal,6447364.0,Completion,African Development Fund,Water Supply & Sanitation
Rwanda,1344735.92,Completion,African Development Fund,Water Supply & Sanitation
Morocco,6824039.09,Completion,African Development Bank,Water Supply & Sanitation
Ex Zaire,4690368.33,Cancelled,African Development Fund,Water Supply & Sanitation
Tunisia,6360279.16,Completion,,Water Supply & Sanitation
Ethiopia,11598748.72,Completion,,Water Supply & Sanitation
Uganda,13810329.44,Completion,African Development Fund,Water Supply & Sanitation
Burundi,11651307.74,Completion,,Water Supply & Sanitation
Malawi,477332.08,Completion,,Water Supply & Sanitation
Djibouti,5638493.97,Completion,,Water Supply & Sanitation
Djibouti,6354741.34,Completion,,Water Supply & Sanitation
"Tanzania, United Republic of",2642645.37,Completion,African Development Fund,Water Supply & Sanitation
Ex Zaire,1425129.18,Completion,,Water Supply & Sanitation
,,,,
Congo,26531997.93,Completion,,Water Supply & Sanitation
Mauritania,14841254.62,Completion,African Development Bank,Water Supply & Sanitation
Lesotho,6078943.0,Completion,,Water Supply & Sanitation
Senegal,11985564.08,Completion,African Development Fund,Water Supply & Sanitation
Kenya,11058314.98,Completion,,Water Supply & Sanitation
Niger,9401178.0,Completion,,Water Supply & Sanitation
Ethiopia,13584217.35,Completion,,Water Supply & Sanitation
Zimbabwe,10929748.05,Completion,,Water Supply & Sanitation
Tunisia,5966515.31,Completion,African Development Bank,Water Supply & Sanitation
Mozambique,6933249.91,Completion,African Development Bank,Water Supply & Sanitation
Cameroon,6646411.58,Cancelled,,Water Supply & Sanitation
Cape Verde,5963096.59,Cancelled,,Water Supply & Sanitation
Seychelles,7345212.2,Completion,African Development Fund,Water Supply & Sanitation
Mozambique,9973259.24,Completion,African Development Bank,Water Supply & Sanitation
Kenya,6904186.92,Completion,,Water Supply & Sanitation
Zambia,5996538.43,Completion,African Development Fund,Water Supply & Sanitation
Zambia,3675628.73,Completion,,Water Supply & Sanitation
Ex Zaire,6389622.02,Completion,,Water Supply & Sanitation
Ex Zaire,1512424.8,Completion,,Water Supply & Sanitation
"Tanzania, United Republic of",9301372.27,Completion,,Water Supply & Sanitation
,,,,
Gambia,7101797.17,Completion,,Water Supply & Sanitation
Senegal,938356.37,Completion,African Development Fund,Water Supply & Sanitation
Ex Zaire,7488112.53,Completion,African Development Bank,Water Supply & Sanitation
"Tanzania, United Republic of",6999387.53,Completion,,Water Supply & Sanitation
Ethiopia,6132169.52,Completion,,Water Supply & Sanitation
Somalia,6627063.82,Completion,African Development Fund,Water Supply & Sanitation
Kenya,7840611.15,Completion,,Water Supply & Sanitation
Djibouti,220241.71,Completion,,Water Supply & Sanitation
Mali,11338150.16,Completion,,Water Supply & Sanitation
Niger,4072339.77,Completion,African Development Bank,Water Supply & Sanitation
Tunisia,4662961.32,Completion,African Development Bank,Water Supply & Sanitation
Burkina Faso,4938861.65,Cancelled,,Water Supply & Sanitation
Ethiopia,6627767.9,Completion,,Water Supply & Sanitation
Zambia,7216864.39,Completion,,Water Supply & Sanitation
Kenya,7349783.12,Completion,,Water Supply & Sanitation
Cape Verde,82498.55,Completion,African Development Fund,Water Supply & Sanitation
Sierra Leone,1083941.31,Completion,African Development Bank,Water Supply & Sanitation
Guinea,4999994.4,Completion,African Development Bank,Water Supply & Sanitation
Tunisia,3354689.43,Completion,African Development Bank,Water Supply & Sanitation
Somalia,5043314.23,Completion,African Development Fund,Water Supply & Sanitation
,,,,
Sierra Leone,343287.12,Completion,African Development Fund,Water Supply & Sanitation
Morocco,5000000.0,Completion,African Development Bank,Water Supply & Sanitation
Morocco,4294553.07,Completion,African Development Bank,Water Supply & Sanitation
Mauritania,2924498.66,Completion,,Water Supply & Sanitation
Liberia,2151000.0,Completion,African Development Bank,Water Supply & Sanitation
Niger,5220000.0,Completion,Nigerian Trust Fund,Water Supply & Sanitation
Côte d'Ivoire,4999999.54,Completion,African Development Bank,Water Supply & Sanitation
Ex Zaire,5000000.0,Completion,African Development Bank,Water Supply & Sanitation
Niger,2519077.02,Completion,African Development Fund,Water Supply & Sanitation
Lesotho,5296048.99,Completion,African Development Fund,Water Supply & Sanitation
Côte d'Ivoire,4985903.3,Completion,African Development Bank,Water Supply & Sanitation
Mauritius,5000000.0,Completion,,Water Supply & Sanitation
Gabon,4999809.36,Completion,African Development Bank,Water Supply & Sanitation
Malawi,4605259.75,Completion,,Water Supply & Sanitation
Rwanda,2357893.0,Completion,African Development Fund,Water Supply & Sanitation
Rwanda,6271837.91,Cancelled,,Water Supply & Sanitation
Burundi,4166109.87,Completion,,Water Supply & Sanitation
"Tanzania, United Republic of",4605260.0,Completion,African Development Fund,Water Supply & Sanitation
Sudan,66056.76,Completion,African Development Fund,Water Supply & Sanitation
Chad,4605260.08,Completion,African Development Fund,Water Supply & Sanitation
,,,,
Guinea,501999.99,Completion,African Development Bank,Water Supply & Sanitation
Ex Zaire,8999999.69,Completion,African Development Bank,Water Supply & Sanitation
Ethiopia,4604605.26,Completion,,Water Supply & Sanitation
Botswana,305901.28,Completion,,Water Supply & Sanitation
Senegal,5220124.9,Completion,,Water Supply & Sanitation
Côte d'Ivoire,5000000.0,Completion,African Development Bank,Water Supply & Sanitation
Mauritius,5599926.1,Completion,African Development Bank,Water Supply & Sanitation
Central African Republic,4553108.02,Completion,African Development Fund,Water Supply & Sanitation
Burundi,1710432.28,Completion,African Development Fund,Water Supply & Sanitation
Mauritania,4061993.25,Completion,African Development Fund,Water Supply & Sanitation
Ghana,6266550.98,Completion,African Development Bank,Water Supply & Sanitation
Chad,7368414.13,Completion,,Water Supply & Sanitation
Guinea,2700000.0,Completion,African Development Bank,Water Supply & Sanitation
Mauritania,165391.83,Completion,African Development Fund,Water Supply & Sanitation
Algeria,2400000.0,Completion,,Water Supply & Sanitation
Liberia,1779000.0,Completion,African Development Bank,Water Supply & Sanitation
Congo,1206236.92,Completion,African Development Bank,Water Supply & Sanitation
Algeria,3000000.0,Completion,African Development Bank,Water Supply & Sanitation
Uganda,2868012.61,Completion,African Development Bank,Water Supply & Sanitation
Sierra Leone,1321795.54,Completion,African Development Bank,Water Supply & Sanitation
,,,,
Uganda,236598.0,Completion,African Development Bank,Water Supply & Sanitation
